force,angle_y
80,-0.0
90,0.684104
100,1.367056
110,2.048855
120,2.729505
130,3.409005
140,4.087357
150,4.764562
160,5.440622
170,6.115537
180,6.789308
190,7.461938
