time,angle_y
-0.23,4.568232
-0.18,3.950396
-0.13,2.925747
-0.08,1.711507
-0.03,0.566659
